Workbook

Sheet README
A1: Manual K-Means + Policy Template (INVESTRA)
A3: Tujuan:
A4: 1) Verifikasi manual alur preprocessing + K-Means pada sampel kecil.
A5: 2) Hitung inertia dan cek konvergensi antar iterasi.
A6: 3) Verifikasi manual policy ratio (cluster mean vs national mean).
A8: Alur pakai:
A9: 1) Isi/ubah data di sheet Raw_Data (baris sampel sudah diisi dari panel 2022-2024).
A10: 2) Cek hasil transform + standardisasi di Prep_Z.
A11: 3) Atur centroid awal di Init_Centroid (kolom Row Source).
A12: 4) Lihat assignment di Iter_1, centroid baru di Centroid_1.
A13: 5) Lanjut Iter_2 dan Centroid_2.
A14: 6) Cek Metrics (perubahan assignment, inertia, konvergensi).
... A20: - Ini template demonstrasi seminar, bukan pengganti pipeline backend penuh.

Sheet Raw_Data
A1: no | B1: provinsi | C1: year | D1: pmdn_rp | E1: fdi_rp | F1: pdrb_per_kapita | G1: ipm | H1: kemiskinan | I1: akses_listrik | J1: tpt
A2: 1 | B2: ACEH | C2: 2022 | D2: 4424177000000 | E2: 1831550400000 | F2: 38767000 | G2: 72.8 | H2: 14.695 | I2: 99.84 | J2: 6.07
A3: 2 | B3: BALI | C3: 2022 | D3: 6002102800000 | E3: 6450796300000 | F3: 56093000 | G3: 76.44 | H3: 4.55 | I3: 99.99 | J3: 4.82
A4: 3 | B4: BANTEN | C4: 2022 | D4: 31283874900000 | E4: 4.8943314e+13 | F4: 61414000 | G4: 73.32 | H4: 6.2 | I4: 99.8 | J4: 8.31
A5: 4 | B5: BENGKULU | C5: 2022 | D5: 6957310000000 | E5: 748386100000 | F5: 43757000 | G5: 72.16 | H5: 14.48 | I5: 99.61 | J5: 3.49
A6: 5 | B6: DI YOGYAKARTA | C6: 2022 | D6: 2274999000000 | E6: 1634364000000 | F6: 44639000 | G6: 80.64 | H6: 11.415 | I6: 99.96 | J6: 3.895
A7: 6 | B7: ACEH | C7: 2023 | D7: 8.8832569e+12 | E7: 3.6797788e+12 | F7: 41408000 | G7: 73.4 | H7: 15.685 | I7: 99.86 | J7: 5.89
A8: 7 | B8: BALI | C8: 2023 | D8: 6950784900000 | E8: 11965261100000 | F8: 62294000 | G8: 77.1 | H8: 4.875 | I8: 99.9 | J8: 3.21
A9: 8 | B9: BANTEN | C9: 2023 | D9: 37971670600000 | E9: 65883435200000 | F9: 66147000 | G9: 73.87 | H9: 6.48 | I9: 99.79 | J9: 7.745
A10: 9 | B10: BENGKULU | C10: 2023 | D10: 7218715000000 | E10: 1126129800000 | F10: 46300000 | G10: 72.78 | H10: 14 | I10: 99.69 | J10: 3.315
A11: 10 | B11: DI YOGYAKARTA | C11: 2023 | D11: 5015483900000 | E11: 6.809247e+11 | F11: 48360000 | G11: 81.07 | H11: 12.2 | I11: 100 | J11: 3.635
A12: 11 | B12: ACEH | C12: 2024 | D12: 8317040200000 | E12: 1150754100000 | F12: 43782000 | G12: 74.03 | H12: 13.435 | I12: 99.86 | J12: 5.655
A13: 12 | B13: BALI | C13: 2024 | D13: 12312338600000 | E13: 24205104800000 | F13: 67319000 | G13: 77.76 | H13: 3.9 | I13: 99.96 | J13: 1.83
... A16: 15 | B16: DI YOGYAKARTA | C16: 2024 | D16: 3630248800000 | E16: 531641400000 | F16: 51473000 | G16: 81.55 | H16: 10.615 | I16: 100 | J16: 3.36

Sheet Prep_Z
A1: no | B1: provinsi | C1: year | D1: pmdn_log | E1: fdi_log | F1: pdrb_log | G1: ipm | H1: kemiskinan | I1: akses_listrik | J1: tpt | K1: z_pmdn | L1: z_fdi | M1: z_pdrb | N1: z_ipm | O1: z_kemiskinan | P1: z_akses_listrik | Q1: z_tpt
A2: =Raw_Data!A2 | B2: =Raw_Data!B2 | C2: =Raw_Data!C2 | D2: =LN(1+Raw_Data!D2) | E2: =LN(1+Raw_Data!E2) | F2: =LN(1+Raw_Data!F2) | G2: =Raw_Data!G2 | H2: =Raw_Data!H2 | I2: =Raw_Data!I2 | J2: =Raw_Data!J2 | K2: =IFERROR((D2-AVERAGEIFS($D$2:$D$16,$C$2:$C$16,$C2))/SQRT(SUMPRODUCT(($C$2:$C$16=$C2)*(D$2:D$16-AVERAGEIFS($D$2:D$16,$C$2:$C$16,$C2))^2)/(COUNTIFS($C$2:$C$16,$C2)-1)),0) | L2: =IFERROR((E2-AVERAGEIFS($E$2:$E$16,$C$2:$C$16,$C2))/SQRT(SUMPRODUCT(($C$2:$C$16=$C2)*(E$2:E$16-AVERAGEIFS($E$2:E$16,$C$2:$C$16,$C2))^2)/(COUNTIFS($C$2:$C$16,$C2)-1)),0) | M2: =IFERROR((F2-AVERAGEIFS($F$2:$F$16,$C$2:$C$16,$C2))/SQRT(SUMPRODUCT(($C$2:$C$16=$C2)*(F$2:F$16-AVERAGEIFS($F$2:F$16,$C$2:$C$16,$C2))^2)/(COUNTIFS($C$2:$C$16,$C2)-1)),0) | N2: =IFERROR((G2-AVERAGEIFS($G$2:$G$16,$C$2:$C$16,$C2))/SQRT(SUMPRODUCT(($C$2:$C$16=$C2)*(G$2:G$16-AVERAGEIFS($G$2:G$16,$C$2:$C$16,$C2))^2)/(COUNTIFS($C$2:$C$16,$C2)-1)),0) | O2: =IFERROR((H2-AVERAGEIFS($H$2:$H$16,$C$2:$C$16,$C2))/SQRT(SUMPRODUCT(($C$2:$C$16=$C2)*(H$2:H$16-AVERAGEIFS($H$2:H$16,$C$2:$C$16,$C2))^2)/(COUNTIFS($C$2:$C$16,$C2)-1)),0) | P2: =IFERROR((I2-AVERAGEIFS($I$2:$I$16,$C$2:$C$16,$C2))/SQRT(SUMPRODUCT(($C$2:$C$16=$C2)*(I$2:I$16-AVERAGEIFS($I$2:I$16,$C$2:$C$16,$C2))^2)/(COUNTIFS($C$2:$C$16,$C2)-1)),0) | Q2: =IFERROR((J2-AVERAGEIFS($J$2:$J$16,$C$2:$C$16,$C2))/SQRT(SUMPRODUCT(($C$2:$C$16=$C2)*(J$2:J$16-AVERAGEIFS($J$2:J$16,$C$2:$C$16,$C2))^2)/(COUNTIFS($C$2:$C$16,$C2)-1)),0)
A3: =Raw_Data!A3 | B3: =Raw_Data!B3 | C3: =Raw_Data!C3 | D3: =LN(1+Raw_Data!D3) | E3: =LN(1+Raw_Data!E3) | F3: =LN(1+Raw_Data!F3) | G3: =Raw_Data!G3 | H3: =Raw_Data!H3 | I3: =Raw_Data!I3 | J3: =Raw_Data!J3 | K3: =IFERROR((D3-AVERAGEIFS($D$2:$D$16,$C$2:$C$16,$C3))/SQRT(SUMPRODUCT(($C$2:$C$16=$C3)*(D$2:D$16-AVERAGEIFS($D$2:D$16,$C$2:$C$16,$C3))^2)/(COUNTIFS($C$2:$C$16,$C3)-1)),0) | L3: =IFERROR((E3-AVERAGEIFS($E$2:$E$16,$C$2:$C$16,$C3))/SQRT(SUMPRODUCT(($C$2:$C$16=$C3)*(E$2:E$16-AVERAGEIFS($E$2:E$16,$C$2:$C$16,$C3))^2)/(COUNTIFS($C$2:$C$16,$C3)-1)),0) | M3: =IFERROR((F3-AVERAGEIFS($F$2:$F$16,$C$2:$C$16,$C3))/SQRT(SUMPRODUCT(($C$2:$C$16=$C3)*(F$2:F$16-AVERAGEIFS($F$2:F$16,$C$2:$C$16,$C3))^2)/(COUNTIFS($C$2:$C$16,$C3)-1)),0) | N3: =IFERROR((G3-AVERAGEIFS($G$2:$G$16,$C$2:$C$16,$C3))/SQRT(SUMPRODUCT(($C$2:$C$16=$C3)*(G$2:G$16-AVERAGEIFS($G$2:G$16,$C$2:$C$16,$C3))^2)/(COUNTIFS($C$2:$C$16,$C3)-1)),0) | O3: =IFERROR((H3-AVERAGEIFS($H$2:$H$16,$C$2:$C$16,$C3))/SQRT(SUMPRODUCT(($C$2:$C$16=$C3)*(H$2:H$16-AVERAGEIFS($H$2:H$16,$C$2:$C$16,$C3))^2)/(COUNTIFS($C$2:$C$16,$C3)-1)),0) | P3: =IFERROR((I3-AVERAGEIFS($I$2:$I$16,$C$2:$C$16,$C3))/SQRT(SUMPRODUCT(($C$2:$C$16=$C3)*(I$2:I$16-AVERAGEIFS($I$2:I$16,$C$2:$C$16,$C3))^2)/(COUNTIFS($C$2:$C$16,$C3)-1)),0) | Q3: =IFERROR((J3-AVERAGEIFS($J$2:$J$16,$C$2:$C$16,$C3))/SQRT(SUMPRODUCT(($C$2:$C$16=$C3)*(J$2:J$16-AVERAGEIFS($J$2:J$16,$C$2:$C$16,$C3))^2)/(COUNTIFS($C$2:$C$16,$C3)-1)),0)
A4: =Raw_Data!A4 | B4: =Raw_Data!B4 | C4: =Raw_Data!C4 | D4: =LN(1+Raw_Data!D4) | E4: =LN(1+Raw_Data!E4) | F4: =LN(1+Raw_Data!F4) | G4: =Raw_Data!G4 | H4: =Raw_Data!H4 | I4: =Raw_Data!I4 | J4: =Raw_Data!J4 | K4: =IFERROR((D4-AVERAGEIFS($D$2:$D$16,$C$2:$C$16,$C4))/SQRT(SUMPRODUCT(($C$2:$C$16=$C4)*(D$2:D$16-AVERAGEIFS($D$2:D$16,$C$2:$C$16,$C4))^2)/(COUNTIFS($C$2:$C$16,$C4)-1)),0) | L4: =IFERROR((E4-AVERAGEIFS($E$2:$E$16,$C$2:$C$16,$C4))/SQRT(SUMPRODUCT(($C$2:$C$16=$C4)*(E$2:E$16-AVERAGEIFS($E$2:E$16,$C$2:$C$16,$C4))^2)/(COUNTIFS($C$2:$C$16,$C4)-1)),0) | M4: =IFERROR((F4-AVERAGEIFS($F$2:$F$16,$C$2:$C$16,$C4))/SQRT(SUMPRODUCT(($C$2:$C$16=$C4)*(F$2:F$16-AVERAGEIFS($F$2:F$16,$C$2:$C$16,$C4))^2)/(COUNTIFS($C$2:$C$16,$C4)-1)),0) | N4: =IFERROR((G4-AVERAGEIFS($G$2:$G$16,$C$2:$C$16,$C4))/SQRT(SUMPRODUCT(($C$2:$C$16=$C4)*(G$2:G$16-AVERAGEIFS($G$2:G$16,$C$2:$C$16,$C4))^2)/(COUNTIFS($C$2:$C$16,$C4)-1)),0) | O4: =IFERROR((H4-AVERAGEIFS($H$2:$H$16,$C$2:$C$16,$C4))/SQRT(SUMPRODUCT(($C$2:$C$16=$C4)*(H$2:H$16-AVERAGEIFS($H$2:H$16,$C$2:$C$16,$C4))^2)/(COUNTIFS($C$2:$C$16,$C4)-1)),0) | P4: =IFERROR((I4-AVERAGEIFS($I$2:$I$16,$C$2:$C$16,$C4))/SQRT(SUMPRODUCT(($C$2:$C$16=$C4)*(I$2:I$16-AVERAGEIFS($I$2:I$16,$C$2:$C$16,$C4))^2)/(COUNTIFS($C$2:$C$16,$C4)-1)),0) | Q4: =IFERROR((J4-AVERAGEIFS($J$2:$J$16,$C$2:$C$16,$C4))/SQRT(SUMPRODUCT(($C$2:$C$16=$C4)*(J$2:J$16-AVERAGEIFS($J$2:J$16,$C$2:$C$16,$C4))^2)/(COUNTIFS($C$2:$C$16,$C4)-1)),0)
A5: =Raw_Data!A5 | B5: =Raw_Data!B5 | C5: =Raw_Data!C5 | D5: =LN(1+Raw_Data!D5) | E5: =LN(1+Raw_Data!E5) | F5: =LN(1+Raw_Data!F5) | G5: =Raw_Data!G5 | H5: =Raw_Data!H5 | I5: =Raw_Data!I5 | J5: =Raw_Data!J5 | K5: =IFERROR((D5-AVERAGEIFS($D$2:$D$16,$C$2:$C$16,$C5))/SQRT(SUMPRODUCT(($C$2:$C$16=$C5)*(D$2:D$16-AVERAGEIFS($D$2:D$16,$C$2:$C$16,$C5))^2)/(COUNTIFS($C$2:$C$16,$C5)-1)),0) | L5: =IFERROR((E5-AVERAGEIFS($E$2:$E$16,$C$2:$C$16,$C5))/SQRT(SUMPRODUCT(($C$2:$C$16=$C5)*(E$2:E$16-AVERAGEIFS($E$2:E$16,$C$2:$C$16,$C5))^2)/(COUNTIFS($C$2:$C$16,$C5)-1)),0) | M5: =IFERROR((F5-AVERAGEIFS($F$2:$F$16,$C$2:$C$16,$C5))/SQRT(SUMPRODUCT(($C$2:$C$16=$C5)*(F$2:F$16-AVERAGEIFS($F$2:F$16,$C$2:$C$16,$C5))^2)/(COUNTIFS($C$2:$C$16,$C5)-1)),0) | N5: =IFERROR((G5-AVERAGEIFS($G$2:$G$16,$C$2:$C$16,$C5))/SQRT(SUMPRODUCT(($C$2:$C$16=$C5)*(G$2:G$16-AVERAGEIFS($G$2:G$16,$C$2:$C$16,$C5))^2)/(COUNTIFS($C$2:$C$16,$C5)-1)),0) | O5: =IFERROR((H5-AVERAGEIFS($H$2:$H$16,$C$2:$C$16,$C5))/SQRT(SUMPRODUCT(($C$2:$C$16=$C5)*(H$2:H$16-AVERAGEIFS($H$2:H$16,$C$2:$C$16,$C5))^2)/(COUNTIFS($C$2:$C$16,$C5)-1)),0) | P5: =IFERROR((I5-AVERAGEIFS($I$2:$I$16,$C$2:$C$16,$C5))/SQRT(SUMPRODUCT(($C$2:$C$16=$C5)*(I$2:I$16-AVERAGEIFS($I$2:I$16,$C$2:$C$16,$C5))^2)/(COUNTIFS($C$2:$C$16,$C5)-1)),0) | Q5: =IFERROR((J5-AVERAGEIFS($J$2:$J$16,$C$2:$C$16,$C5))/SQRT(SUMPRODUCT(($C$2:$C$16=$C5)*(J$2:J$16-AVERAGEIFS($J$2:J$16,$C$2:$C$16,$C5))^2)/(COUNTIFS($C$2:$C$16,$C5)-1)),0)
A6: =Raw_Data!A6 | B6: =Raw_Data!B6 | C6: =Raw_Data!C6 | D6: =LN(1+Raw_Data!D6) | E6: =LN(1+Raw_Data!E6) | F6: =LN(1+Raw_Data!F6) | G6: =Raw_Data!G6 | H6: =Raw_Data!H6 | I6: =Raw_Data!I6 | J6: =Raw_Data!J6 | K6: =IFERROR((D6-AVERAGEIFS($D$2:$D$16,$C$2:$C$16,$C6))/SQRT(SUMPRODUCT(($C$2:$C$16=$C6)*(D$2:D$16-AVERAGEIFS($D$2:D$16,$C$2:$C$16,$C6))^2)/(COUNTIFS($C$2:$C$16,$C6)-1)),0) | L6: =IFERROR((E6-AVERAGEIFS($E$2:$E$16,$C$2:$C$16,$C6))/SQRT(SUMPRODUCT(($C$2:$C$16=$C6)*(E$2:E$16-AVERAGEIFS($E$2:E$16,$C$2:$C$16,$C6))^2)/(COUNTIFS($C$2:$C$16,$C6)-1)),0) | M6: =IFERROR((F6-AVERAGEIFS($F$2:$F$16,$C$2:$C$16,$C6))/SQRT(SUMPRODUCT(($C$2:$C$16=$C6)*(F$2:F$16-AVERAGEIFS($F$2:F$16,$C$2:$C$16,$C6))^2)/(COUNTIFS($C$2:$C$16,$C6)-1)),0) | N6: =IFERROR((G6-AVERAGEIFS($G$2:$G$16,$C$2:$C$16,$C6))/SQRT(SUMPRODUCT(($C$2:$C$16=$C6)*(G$2:G$16-AVERAGEIFS($G$2:G$16,$C$2:$C$16,$C6))^2)/(COUNTIFS($C$2:$C$16,$C6)-1)),0) | O6: =IFERROR((H6-AVERAGEIFS($H$2:$H$16,$C$2:$C$16,$C6))/SQRT(SUMPRODUCT(($C$2:$C$16=$C6)*(H$2:H$16-AVERAGEIFS($H$2:H$16,$C$2:$C$16,$C6))^2)/(COUNTIFS($C$2:$C$16,$C6)-1)),0) | P6: =IFERROR((I6-AVERAGEIFS($I$2:$I$16,$C$2:$C$16,$C6))/SQRT(SUMPRODUCT(($C$2:$C$16=$C6)*(I$2:I$16-AVERAGEIFS($I$2:I$16,$C$2:$C$16,$C6))^2)/(COUNTIFS($C$2:$C$16,$C6)-1)),0) | Q6: =IFERROR((J6-AVERAGEIFS($J$2:$J$16,$C$2:$C$16,$C6))/SQRT(SUMPRODUCT(($C$2:$C$16=$C6)*(J$2:J$16-AVERAGEIFS($J$2:J$16,$C$2:$C$16,$C6))^2)/(COUNTIFS($C$2:$C$16,$C6)-1)),0)
A7: =Raw_Data!A7 | B7: =Raw_Data!B7 | C7: =Raw_Data!C7 | D7: =LN(1+Raw_Data!D7) | E7: =LN(1+Raw_Data!E7) | F7: =LN(1+Raw_Data!F7) | G7: =Raw_Data!G7 | H7: =Raw_Data!H7 | I7: =Raw_Data!I7 | J7: =Raw_Data!J7 | K7: =IFERROR((D7-AVERAGEIFS($D$2:$D$16,$C$2:$C$16,$C7))/SQRT(SUMPRODUCT(($C$2:$C$16=$C7)*(D$2:D$16-AVERAGEIFS($D$2:D$16,$C$2:$C$16,$C7))^2)/(COUNTIFS($C$2:$C$16,$C7)-1)),0) | L7: =IFERROR((E7-AVERAGEIFS($E$2:$E$16,$C$2:$C$16,$C7))/SQRT(SUMPRODUCT(($C$2:$C$16=$C7)*(E$2:E$16-AVERAGEIFS($E$2:E$16,$C$2:$C$16,$C7))^2)/(COUNTIFS($C$2:$C$16,$C7)-1)),0) | M7: =IFERROR((F7-AVERAGEIFS($F$2:$F$16,$C$2:$C$16,$C7))/SQRT(SUMPRODUCT(($C$2:$C$16=$C7)*(F$2:F$16-AVERAGEIFS($F$2:F$16,$C$2:$C$16,$C7))^2)/(COUNTIFS($C$2:$C$16,$C7)-1)),0) | N7: =IFERROR((G7-AVERAGEIFS($G$2:$G$16,$C$2:$C$16,$C7))/SQRT(SUMPRODUCT(($C$2:$C$16=$C7)*(G$2:G$16-AVERAGEIFS($G$2:G$16,$C$2:$C$16,$C7))^2)/(COUNTIFS($C$2:$C$16,$C7)-1)),0) | O7: =IFERROR((H7-AVERAGEIFS($H$2:$H$16,$C$2:$C$16,$C7))/SQRT(SUMPRODUCT(($C$2:$C$16=$C7)*(H$2:H$16-AVERAGEIFS($H$2:H$16,$C$2:$C$16,$C7))^2)/(COUNTIFS($C$2:$C$16,$C7)-1)),0) | P7: =IFERROR((I7-AVERAGEIFS($I$2:$I$16,$C$2:$C$16,$C7))/SQRT(SUMPRODUCT(($C$2:$C$16=$C7)*(I$2:I$16-AVERAGEIFS($I$2:I$16,$C$2:$C$16,$C7))^2)/(COUNTIFS($C$2:$C$16,$C7)-1)),0) | Q7: =IFERROR((J7-AVERAGEIFS($J$2:$J$16,$C$2:$C$16,$C7))/SQRT(SUMPRODUCT(($C$2:$C$16=$C7)*(J$2:J$16-AVERAGEIFS($J$2:J$16,$C$2:$C$16,$C7))^2)/(COUNTIFS($C$2:$C$16,$C7)-1)),0)
A8: =Raw_Data!A8 | B8: =Raw_Data!B8 | C8: =Raw_Data!C8 | D8: =LN(1+Raw_Data!D8) | E8: =LN(1+Raw_Data!E8) | F8: =LN(1+Raw_Data!F8) | G8: =Raw_Data!G8 | H8: =Raw_Data!H8 | I8: =Raw_Data!I8 | J8: =Raw_Data!J8 | K8: =IFERROR((D8-AVERAGEIFS($D$2:$D$16,$C$2:$C$16,$C8))/SQRT(SUMPRODUCT(($C$2:$C$16=$C8)*(D$2:D$16-AVERAGEIFS($D$2:D$16,$C$2:$C$16,$C8))^2)/(COUNTIFS($C$2:$C$16,$C8)-1)),0) | L8: =IFERROR((E8-AVERAGEIFS($E$2:$E$16,$C$2:$C$16,$C8))/SQRT(SUMPRODUCT(($C$2:$C$16=$C8)*(E$2:E$16-AVERAGEIFS($E$2:E$16,$C$2:$C$16,$C8))^2)/(COUNTIFS($C$2:$C$16,$C8)-1)),0) | M8: =IFERROR((F8-AVERAGEIFS($F$2:$F$16,$C$2:$C$16,$C8))/SQRT(SUMPRODUCT(($C$2:$C$16=$C8)*(F$2:F$16-AVERAGEIFS($F$2:F$16,$C$2:$C$16,$C8))^2)/(COUNTIFS($C$2:$C$16,$C8)-1)),0) | N8: =IFERROR((G8-AVERAGEIFS($G$2:$G$16,$C$2:$C$16,$C8))/SQRT(SUMPRODUCT(($C$2:$C$16=$C8)*(G$2:G$16-AVERAGEIFS($G$2:G$16,$C$2:$C$16,$C8))^2)/(COUNTIFS($C$2:$C$16,$C8)-1)),0) | O8: =IFERROR((H8-AVERAGEIFS($H$2:$H$16,$C$2:$C$16,$C8))/SQRT(SUMPRODUCT(($C$2:$C$16=$C8)*(H$2:H$16-AVERAGEIFS($H$2:H$16,$C$2:$C$16,$C8))^2)/(COUNTIFS($C$2:$C$16,$C8)-1)),0) | P8: =IFERROR((I8-AVERAGEIFS($I$2:$I$16,$C$2:$C$16,$C8))/SQRT(SUMPRODUCT(($C$2:$C$16=$C8)*(I$2:I$16-AVERAGEIFS($I$2:I$16,$C$2:$C$16,$C8))^2)/(COUNTIFS($C$2:$C$16,$C8)-1)),0) | Q8: =IFERROR((J8-AVERAGEIFS($J$2:$J$16,$C$2:$C$16,$C8))/SQRT(SUMPRODUCT(($C$2:$C$16=$C8)*(J$2:J$16-AVERAGEIFS($J$2:J$16,$C$2:$C$16,$C8))^2)/(COUNTIFS($C$2:$C$16,$C8)-1)),0)
A9: =Raw_Data!A9 | B9: =Raw_Data!B9 | C9: =Raw_Data!C9 | D9: =LN(1+Raw_Data!D9) | E9: =LN(1+Raw_Data!E9) | F9: =LN(1+Raw_Data!F9) | G9: =Raw_Data!G9 | H9: =Raw_Data!H9 | I9: =Raw_Data!I9 | J9: =Raw_Data!J9 | K9: =IFERROR((D9-AVERAGEIFS($D$2:$D$16,$C$2:$C$16,$C9))/SQRT(SUMPRODUCT(($C$2:$C$16=$C9)*(D$2:D$16-AVERAGEIFS($D$2:D$16,$C$2:$C$16,$C9))^2)/(COUNTIFS($C$2:$C$16,$C9)-1)),0) | L9: =IFERROR((E9-AVERAGEIFS($E$2:$E$16,$C$2:$C$16,$C9))/SQRT(SUMPRODUCT(($C$2:$C$16=$C9)*(E$2:E$16-AVERAGEIFS($E$2:E$16,$C$2:$C$16,$C9))^2)/(COUNTIFS($C$2:$C$16,$C9)-1)),0) | M9: =IFERROR((F9-AVERAGEIFS($F$2:$F$16,$C$2:$C$16,$C9))/SQRT(SUMPRODUCT(($C$2:$C$16=$C9)*(F$2:F$16-AVERAGEIFS($F$2:F$16,$C$2:$C$16,$C9))^2)/(COUNTIFS($C$2:$C$16,$C9)-1)),0) | N9: =IFERROR((G9-AVERAGEIFS($G$2:$G$16,$C$2:$C$16,$C9))/SQRT(SUMPRODUCT(($C$2:$C$16=$C9)*(G$2:G$16-AVERAGEIFS($G$2:G$16,$C$2:$C$16,$C9))^2)/(COUNTIFS($C$2:$C$16,$C9)-1)),0) | O9: =IFERROR((H9-AVERAGEIFS($H$2:$H$16,$C$2:$C$16,$C9))/SQRT(SUMPRODUCT(($C$2:$C$16=$C9)*(H$2:H$16-AVERAGEIFS($H$2:H$16,$C$2:$C$16,$C9))^2)/(COUNTIFS($C$2:$C$16,$C9)-1)),0) | P9: =IFERROR((I9-AVERAGEIFS($I$2:$I$16,$C$2:$C$16,$C9))/SQRT(SUMPRODUCT(($C$2:$C$16=$C9)*(I$2:I$16-AVERAGEIFS($I$2:I$16,$C$2:$C$16,$C9))^2)/(COUNTIFS($C$2:$C$16,$C9)-1)),0) | Q9: =IFERROR((J9-AVERAGEIFS($J$2:$J$16,$C$2:$C$16,$C9))/SQRT(SUMPRODUCT(($C$2:$C$16=$C9)*(J$2:J$16-AVERAGEIFS($J$2:J$16,$C$2:$C$16,$C9))^2)/(COUNTIFS($C$2:$C$16,$C9)-1)),0)
A10: =Raw_Data!A10 | B10: =Raw_Data!B10 | C10: =Raw_Data!C10 | D10: =LN(1+Raw_Data!D10) | E10: =LN(1+Raw_Data!E10) | F10: =LN(1+Raw_Data!F10) | G10: =Raw_Data!G10 | H10: =Raw_Data!H10 | I10: =Raw_Data!I10 | J10: =Raw_Data!J10 | K10: =IFERROR((D10-AVERAGEIFS($D$2:$D$16,$C$2:$C$16,$C10))/SQRT(SUMPRODUCT(($C$2:$C$16=$C10)*(D$2:D$16-AVERAGEIFS($D$2:D$16,$C$2:$C$16,$C10))^2)/(COUNTIFS($C$2:$C$16,$C10)-1)),0) | L10: =IFERROR((E10-AVERAGEIFS($E$2:$E$16,$C$2:$C$16,$C10))/SQRT(SUMPRODUCT(($C$2:$C$16=$C10)*(E$2:E$16-AVERAGEIFS($E$2:E$16,$C$2:$C$16,$C10))^2)/(COUNTIFS($C$2:$C$16,$C10)-1)),0) | M10: =IFERROR((F10-AVERAGEIFS($F$2:$F$16,$C$2:$C$16,$C10))/SQRT(SUMPRODUCT(($C$2:$C$16=$C10)*(F$2:F$16-AVERAGEIFS($F$2:F$16,$C$2:$C$16,$C10))^2)/(COUNTIFS($C$2:$C$16,$C10)-1)),0) | N10: =IFERROR((G10-AVERAGEIFS($G$2:$G$16,$C$2:$C$16,$C10))/SQRT(SUMPRODUCT(($C$2:$C$16=$C10)*(G$2:G$16-AVERAGEIFS($G$2:G$16,$C$2:$C$16,$C10))^2)/(COUNTIFS($C$2:$C$16,$C10)-1)),0) | O10: =IFERROR((H10-AVERAGEIFS($H$2:$H$16,$C$2:$C$16,$C10))/SQRT(SUMPRODUCT(($C$2:$C$16=$C10)*(H$2:H$16-AVERAGEIFS($H$2:H$16,$C$2:$C$16,$C10))^2)/(COUNTIFS($C$2:$C$16,$C10)-1)),0) | P10: =IFERROR((I10-AVERAGEIFS($I$2:$I$16,$C$2:$C$16,$C10))/SQRT(SUMPRODUCT(($C$2:$C$16=$C10)*(I$2:I$16-AVERAGEIFS($I$2:I$16,$C$2:$C$16,$C10))^2)/(COUNTIFS($C$2:$C$16,$C10)-1)),0) | Q10: =IFERROR((J10-AVERAGEIFS($J$2:$J$16,$C$2:$C$16,$C10))/SQRT(SUMPRODUCT(($C$2:$C$16=$C10)*(J$2:J$16-AVERAGEIFS($J$2:J$16,$C$2:$C$16,$C10))^2)/(COUNTIFS($C$2:$C$16,$C10)-1)),0)
A11: =Raw_Data!A11 | B11: =Raw_Data!B11 | C11: =Raw_Data!C11 | D11: =LN(1+Raw_Data!D11) | E11: =LN(1+Raw_Data!E11) | F11: =LN(1+Raw_Data!F11) | G11: =Raw_Data!G11 | H11: =Raw_Data!H11 | I11: =Raw_Data!I11 | J11: =Raw_Data!J11 | K11: =IFERROR((D11-AVERAGEIFS($D$2:$D$16,$C$2:$C$16,$C11))/SQRT(SUMPRODUCT(($C$2:$C$16=$C11)*(D$2:D$16-AVERAGEIFS($D$2:D$16,$C$2:$C$16,$C11))^2)/(COUNTIFS($C$2:$C$16,$C11)-1)),0) | L11: =IFERROR((E11-AVERAGEIFS($E$2:$E$16,$C$2:$C$16,$C11))/SQRT(SUMPRODUCT(($C$2:$C$16=$C11)*(E$2:E$16-AVERAGEIFS($E$2:E$16,$C$2:$C$16,$C11))^2)/(COUNTIFS($C$2:$C$16,$C11)-1)),0) | M11: =IFERROR((F11-AVERAGEIFS($F$2:$F$16,$C$2:$C$16,$C11))/SQRT(SUMPRODUCT(($C$2:$C$16=$C11)*(F$2:F$16-AVERAGEIFS($F$2:F$16,$C$2:$C$16,$C11))^2)/(COUNTIFS($C$2:$C$16,$C11)-1)),0) | N11: =IFERROR((G11-AVERAGEIFS($G$2:$G$16,$C$2:$C$16,$C11))/SQRT(SUMPRODUCT(($C$2:$C$16=$C11)*(G$2:G$16-AVERAGEIFS($G$2:G$16,$C$2:$C$16,$C11))^2)/(COUNTIFS($C$2:$C$16,$C11)-1)),0) | O11: =IFERROR((H11-AVERAGEIFS($H$2:$H$16,$C$2:$C$16,$C11))/SQRT(SUMPRODUCT(($C$2:$C$16=$C11)*(H$2:H$16-AVERAGEIFS($H$2:H$16,$C$2:$C$16,$C11))^2)/(COUNTIFS($C$2:$C$16,$C11)-1)),0) | P11: =IFERROR((I11-AVERAGEIFS($I$2:$I$16,$C$2:$C$16,$C11))/SQRT(SUMPRODUCT(($C$2:$C$16=$C11)*(I$2:I$16-AVERAGEIFS($I$2:I$16,$C$2:$C$16,$C11))^2)/(COUNTIFS($C$2:$C$16,$C11)-1)),0) | Q11: =IFERROR((J11-AVERAGEIFS($J$2:$J$16,$C$2:$C$16,$C11))/SQRT(SUMPRODUCT(($C$2:$C$16=$C11)*(J$2:J$16-AVERAGEIFS($J$2:J$16,$C$2:$C$16,$C11))^2)/(COUNTIFS($C$2:$C$16,$C11)-1)),0)
A12: =Raw_Data!A12 | B12: =Raw_Data!B12 | C12: =Raw_Data!C12 | D12: =LN(1+Raw_Data!D12) | E12: =LN(1+Raw_Data!E12) | F12: =LN(1+Raw_Data!F12) | G12: =Raw_Data!G12 | H12: =Raw_Data!H12 | I12: =Raw_Data!I12 | J12: =Raw_Data!J12 | K12: =IFERROR((D12-AVERAGEIFS($D$2:$D$16,$C$2:$C$16,$C12))/SQRT(SUMPRODUCT(($C$2:$C$16=$C12)*(D$2:D$16-AVERAGEIFS($D$2:D$16,$C$2:$C$16,$C12))^2)/(COUNTIFS($C$2:$C$16,$C12)-1)),0) | L12: =IFERROR((E12-AVERAGEIFS($E$2:$E$16,$C$2:$C$16,$C12))/SQRT(SUMPRODUCT(($C$2:$C$16=$C12)*(E$2:E$16-AVERAGEIFS($E$2:E$16,$C$2:$C$16,$C12))^2)/(COUNTIFS($C$2:$C$16,$C12)-1)),0) | M12: =IFERROR((F12-AVERAGEIFS($F$2:$F$16,$C$2:$C$16,$C12))/SQRT(SUMPRODUCT(($C$2:$C$16=$C12)*(F$2:F$16-AVERAGEIFS($F$2:F$16,$C$2:$C$16,$C12))^2)/(COUNTIFS($C$2:$C$16,$C12)-1)),0) | N12: =IFERROR((G12-AVERAGEIFS($G$2:$G$16,$C$2:$C$16,$C12))/SQRT(SUMPRODUCT(($C$2:$C$16=$C12)*(G$2:G$16-AVERAGEIFS($G$2:G$16,$C$2:$C$16,$C12))^2)/(COUNTIFS($C$2:$C$16,$C12)-1)),0) | O12: =IFERROR((H12-AVERAGEIFS($H$2:$H$16,$C$2:$C$16,$C12))/SQRT(SUMPRODUCT(($C$2:$C$16=$C12)*(H$2:H$16-AVERAGEIFS($H$2:H$16,$C$2:$C$16,$C12))^2)/(COUNTIFS($C$2:$C$16,$C12)-1)),0) | P12: =IFERROR((I12-AVERAGEIFS($I$2:$I$16,$C$2:$C$16,$C12))/SQRT(SUMPRODUCT(($C$2:$C$16=$C12)*(I$2:I$16-AVERAGEIFS($I$2:I$16,$C$2:$C$16,$C12))^2)/(COUNTIFS($C$2:$C$16,$C12)-1)),0) | Q12: =IFERROR((J12-AVERAGEIFS($J$2:$J$16,$C$2:$C$16,$C12))/SQRT(SUMPRODUCT(($C$2:$C$16=$C12)*(J$2:J$16-AVERAGEIFS($J$2:J$16,$C$2:$C$16,$C12))^2)/(COUNTIFS($C$2:$C$16,$C12)-1)),0)
A13: =Raw_Data!A13 | B13: =Raw_Data!B13 | C13: =Raw_Data!C13 | D13: =LN(1+Raw_Data!D13) | E13: =LN(1+Raw_Data!E13) | F13: =LN(1+Raw_Data!F13) | G13: =Raw_Data!G13 | H13: =Raw_Data!H13 | I13: =Raw_Data!I13 | J13: =Raw_Data!J13 | K13: =IFERROR((D13-AVERAGEIFS($D$2:$D$16,$C$2:$C$16,$C13))/SQRT(SUMPRODUCT(($C$2:$C$16=$C13)*(D$2:D$16-AVERAGEIFS($D$2:D$16,$C$2:$C$16,$C13))^2)/(COUNTIFS($C$2:$C$16,$C13)-1)),0) | L13: =IFERROR((E13-AVERAGEIFS($E$2:$E$16,$C$2:$C$16,$C13))/SQRT(SUMPRODUCT(($C$2:$C$16=$C13)*(E$2:E$16-AVERAGEIFS($E$2:E$16,$C$2:$C$16,$C13))^2)/(COUNTIFS($C$2:$C$16,$C13)-1)),0) | M13: =IFERROR((F13-AVERAGEIFS($F$2:$F$16,$C$2:$C$16,$C13))/SQRT(SUMPRODUCT(($C$2:$C$16=$C13)*(F$2:F$16-AVERAGEIFS($F$2:F$16,$C$2:$C$16,$C13))^2)/(COUNTIFS($C$2:$C$16,$C13)-1)),0) | N13: =IFERROR((G13-AVERAGEIFS($G$2:$G$16,$C$2:$C$16,$C13))/SQRT(SUMPRODUCT(($C$2:$C$16=$C13)*(G$2:G$16-AVERAGEIFS($G$2:G$16,$C$2:$C$16,$C13))^2)/(COUNTIFS($C$2:$C$16,$C13)-1)),0) | O13: =IFERROR((H13-AVERAGEIFS($H$2:$H$16,$C$2:$C$16,$C13))/SQRT(SUMPRODUCT(($C$2:$C$16=$C13)*(H$2:H$16-AVERAGEIFS($H$2:H$16,$C$2:$C$16,$C13))^2)/(COUNTIFS($C$2:$C$16,$C13)-1)),0) | P13: =IFERROR((I13-AVERAGEIFS($I$2:$I$16,$C$2:$C$16,$C13))/SQRT(SUMPRODUCT(($C$2:$C$16=$C13)*(I$2:I$16-AVERAGEIFS($I$2:I$16,$C$2:$C$16,$C13))^2)/(COUNTIFS($C$2:$C$16,$C13)-1)),0) | Q13: =IFERROR((J13-AVERAGEIFS($J$2:$J$16,$C$2:$C$16,$C13))/SQRT(SUMPRODUCT(($C$2:$C$16=$C13)*(J$2:J$16-AVERAGEIFS($J$2:J$16,$C$2:$C$16,$C13))^2)/(COUNTIFS($C$2:$C$16,$C13)-1)),0)
... A16: =Raw_Data!A16 | B16: =Raw_Data!B16 | C16: =Raw_Data!C16 | D16: =LN(1+Raw_Data!D16) | E16: =LN(1+Raw_Data!E16) | F16: =LN(1+Raw_Data!F16) | G16: =Raw_Data!G16 | H16: =Raw_Data!H16 | I16: =Raw_Data!I16 | J16: =Raw_Data!J16 | K16: =IFERROR((D16-AVERAGEIFS($D$2:$D$16,$C$2:$C$16,$C16))/SQRT(SUMPRODUCT(($C$2:$C$16=$C16)*(D$2:D$16-AVERAGEIFS($D$2:D$16,$C$2:$C$16,$C16))^2)/(COUNTIFS($C$2:$C$16,$C16)-1)),0) | L16: =IFERROR((E16-AVERAGEIFS($E$2:$E$16,$C$2:$C$16,$C16))/SQRT(SUMPRODUCT(($C$2:$C$16=$C16)*(E$2:E$16-AVERAGEIFS($E$2:E$16,$C$2:$C$16,$C16))^2)/(COUNTIFS($C$2:$C$16,$C16)-1)),0) | M16: =IFERROR((F16-AVERAGEIFS($F$2:$F$16,$C$2:$C$16,$C16))/SQRT(SUMPRODUCT(($C$2:$C$16=$C16)*(F$2:F$16-AVERAGEIFS($F$2:F$16,$C$2:$C$16,$C16))^2)/(COUNTIFS($C$2:$C$16,$C16)-1)),0) | N16: =IFERROR((G16-AVERAGEIFS($G$2:$G$16,$C$2:$C$16,$C16))/SQRT(SUMPRODUCT(($C$2:$C$16=$C16)*(G$2:G$16-AVERAGEIFS($G$2:G$16,$C$2:$C$16,$C16))^2)/(COUNTIFS($C$2:$C$16,$C16)-1)),0) | O16: =IFERROR((H16-AVERAGEIFS($H$2:$H$16,$C$2:$C$16,$C16))/SQRT(SUMPRODUCT(($C$2:$C$16=$C16)*(H$2:H$16-AVERAGEIFS($H$2:H$16,$C$2:$C$16,$C16))^2)/(COUNTIFS($C$2:$C$16,$C16)-1)),0) | P16: =IFERROR((I16-AVERAGEIFS($I$2:$I$16,$C$2:$C$16,$C16))/SQRT(SUMPRODUCT(($C$2:$C$16=$C16)*(I$2:I$16-AVERAGEIFS($I$2:I$16,$C$2:$C$16,$C16))^2)/(COUNTIFS($C$2:$C$16,$C16)-1)),0) | Q16: =IFERROR((J16-AVERAGEIFS($J$2:$J$16,$C$2:$C$16,$C16))/SQRT(SUMPRODUCT(($C$2:$C$16=$C16)*(J$2:J$16-AVERAGEIFS($J$2:J$16,$C$2:$C$16,$C16))^2)/(COUNTIFS($C$2:$C$16,$C16)-1)),0)

Sheet Init_Centroid
A1: row_source | B1: z_pmdn | C1: z_fdi | D1: z_pdrb | E1: z_ipm | F1: z_kemiskinan | G1: z_akses_listrik | H1: z_tpt
A2: 2 | B2: =INDEX(Prep_Z!$K$2:$Q$16,$A2-1,COLUMN()-1) | C2: =INDEX(Prep_Z!$K$2:$Q$16,$A2-1,COLUMN()-1) | D2: =INDEX(Prep_Z!$K$2:$Q$16,$A2-1,COLUMN()-1) | E2: =INDEX(Prep_Z!$K$2:$Q$16,$A2-1,COLUMN()-1) | F2: =INDEX(Prep_Z!$K$2:$Q$16,$A2-1,COLUMN()-1) | G2: =INDEX(Prep_Z!$K$2:$Q$16,$A2-1,COLUMN()-1) | H2: =INDEX(Prep_Z!$K$2:$Q$16,$A2-1,COLUMN()-1)
A3: 5 | B3: =INDEX(Prep_Z!$K$2:$Q$16,$A3-1,COLUMN()-1) | C3: =INDEX(Prep_Z!$K$2:$Q$16,$A3-1,COLUMN()-1) | D3: =INDEX(Prep_Z!$K$2:$Q$16,$A3-1,COLUMN()-1) | E3: =INDEX(Prep_Z!$K$2:$Q$16,$A3-1,COLUMN()-1) | F3: =INDEX(Prep_Z!$K$2:$Q$16,$A3-1,COLUMN()-1) | G3: =INDEX(Prep_Z!$K$2:$Q$16,$A3-1,COLUMN()-1) | H3: =INDEX(Prep_Z!$K$2:$Q$16,$A3-1,COLUMN()-1)
A4: 9 | B4: =INDEX(Prep_Z!$K$2:$Q$16,$A4-1,COLUMN()-1) | C4: =INDEX(Prep_Z!$K$2:$Q$16,$A4-1,COLUMN()-1) | D4: =INDEX(Prep_Z!$K$2:$Q$16,$A4-1,COLUMN()-1) | E4: =INDEX(Prep_Z!$K$2:$Q$16,$A4-1,COLUMN()-1) | F4: =INDEX(Prep_Z!$K$2:$Q$16,$A4-1,COLUMN()-1) | G4: =INDEX(Prep_Z!$K$2:$Q$16,$A4-1,COLUMN()-1) | H4: =INDEX(Prep_Z!$K$2:$Q$16,$A4-1,COLUMN()-1)
A5: 13 | B5: =INDEX(Prep_Z!$K$2:$Q$16,$A5-1,COLUMN()-1) | C5: =INDEX(Prep_Z!$K$2:$Q$16,$A5-1,COLUMN()-1) | D5: =INDEX(Prep_Z!$K$2:$Q$16,$A5-1,COLUMN()-1) | E5: =INDEX(Prep_Z!$K$2:$Q$16,$A5-1,COLUMN()-1) | F5: =INDEX(Prep_Z!$K$2:$Q$16,$A5-1,COLUMN()-1) | G5: =INDEX(Prep_Z!$K$2:$Q$16,$A5-1,COLUMN()-1) | H5: =INDEX(Prep_Z!$K$2:$Q$16,$A5-1,COLUMN()-1)

Sheet Iter_1
A1: no | B1: provinsi | C1: year | D1: z_pmdn | E1: z_fdi | F1: z_pdrb | G1: z_ipm | H1: z_kemiskinan | I1: z_akses_listrik | J1: z_tpt | K1: dist_c1 | L1: dist_c2 | M1: dist_c3 | N1: dist_c4 | O1: cluster | P1: min_dist
A2: =Prep_Z!A2 | B2: =Prep_Z!B2 | C2: =Prep_Z!C2 | D2: =Prep_Z!K2 | E2: =Prep_Z!L2 | F2: =Prep_Z!M2 | G2: =Prep_Z!N2 | H2: =Prep_Z!O2 | I2: =Prep_Z!P2 | J2: =Prep_Z!Q2 | K2: =SUMXMY2($D2:$J2,Init_Centroid!$B$2:$H$2) | L2: =SUMXMY2($D2:$J2,Init_Centroid!$B$3:$H$3) | M2: =SUMXMY2($D2:$J2,Init_Centroid!$B$4:$H$4) | N2: =SUMXMY2($D2:$J2,Init_Centroid!$B$5:$H$5) | O2: =MATCH(MIN($K2:$N2),$K2:$N2,0) | P2: =MIN($K2:$N2)
A3: =Prep_Z!A3 | B3: =Prep_Z!B3 | C3: =Prep_Z!C3 | D3: =Prep_Z!K3 | E3: =Prep_Z!L3 | F3: =Prep_Z!M3 | G3: =Prep_Z!N3 | H3: =Prep_Z!O3 | I3: =Prep_Z!P3 | J3: =Prep_Z!Q3 | K3: =SUMXMY2($D3:$J3,Init_Centroid!$B$2:$H$2) | L3: =SUMXMY2($D3:$J3,Init_Centroid!$B$3:$H$3) | M3: =SUMXMY2($D3:$J3,Init_Centroid!$B$4:$H$4) | N3: =SUMXMY2($D3:$J3,Init_Centroid!$B$5:$H$5) | O3: =MATCH(MIN($K3:$N3),$K3:$N3,0) | P3: =MIN($K3:$N3)
A4: =Prep_Z!A4 | B4: =Prep_Z!B4 | C4: =Prep_Z!C4 | D4: =Prep_Z!K4 | E4: =Prep_Z!L4 | F4: =Prep_Z!M4 | G4: =Prep_Z!N4 | H4: =Prep_Z!O4 | I4: =Prep_Z!P4 | J4: =Prep_Z!Q4 | K4: =SUMXMY2($D4:$J4,Init_Centroid!$B$2:$H$2) | L4: =SUMXMY2($D4:$J4,Init_Centroid!$B$3:$H$3) | M4: =SUMXMY2($D4:$J4,Init_Centroid!$B$4:$H$4) | N4: =SUMXMY2($D4:$J4,Init_Centroid!$B$5:$H$5) | O4: =MATCH(MIN($K4:$N4),$K4:$N4,0) | P4: =MIN($K4:$N4)
A5: =Prep_Z!A5 | B5: =Prep_Z!B5 | C5: =Prep_Z!C5 | D5: =Prep_Z!K5 | E5: =Prep_Z!L5 | F5: =Prep_Z!M5 | G5: =Prep_Z!N5 | H5: =Prep_Z!O5 | I5: =Prep_Z!P5 | J5: =Prep_Z!Q5 | K5: =SUMXMY2($D5:$J5,Init_Centroid!$B$2:$H$2) | L5: =SUMXMY2($D5:$J5,Init_Centroid!$B$3:$H$3) | M5: =SUMXMY2($D5:$J5,Init_Centroid!$B$4:$H$4) | N5: =SUMXMY2($D5:$J5,Init_Centroid!$B$5:$H$5) | O5: =MATCH(MIN($K5:$N5),$K5:$N5,0) | P5: =MIN($K5:$N5)
A6: =Prep_Z!A6 | B6: =Prep_Z!B6 | C6: =Prep_Z!C6 | D6: =Prep_Z!K6 | E6: =Prep_Z!L6 | F6: =Prep_Z!M6 | G6: =Prep_Z!N6 | H6: =Prep_Z!O6 | I6: =Prep_Z!P6 | J6: =Prep_Z!Q6 | K6: =SUMXMY2($D6:$J6,Init_Centroid!$B$2:$H$2) | L6: =SUMXMY2($D6:$J6,Init_Centroid!$B$3:$H$3) | M6: =SUMXMY2($D6:$J6,Init_Centroid!$B$4:$H$4) | N6: =SUMXMY2($D6:$J6,Init_Centroid!$B$5:$H$5) | O6: =MATCH(MIN($K6:$N6),$K6:$N6,0) | P6: =MIN($K6:$N6)
A7: =Prep_Z!A7 | B7: =Prep_Z!B7 | C7: =Prep_Z!C7 | D7: =Prep_Z!K7 | E7: =Prep_Z!L7 | F7: =Prep_Z!M7 | G7: =Prep_Z!N7 | H7: =Prep_Z!O7 | I7: =Prep_Z!P7 | J7: =Prep_Z!Q7 | K7: =SUMXMY2($D7:$J7,Init_Centroid!$B$2:$H$2) | L7: =SUMXMY2($D7:$J7,Init_Centroid!$B$3:$H$3) | M7: =SUMXMY2($D7:$J7,Init_Centroid!$B$4:$H$4) | N7: =SUMXMY2($D7:$J7,Init_Centroid!$B$5:$H$5) | O7: =MATCH(MIN($K7:$N7),$K7:$N7,0) | P7: =MIN($K7:$N7)
A8: =Prep_Z!A8 | B8: =Prep_Z!B8 | C8: =Prep_Z!C8 | D8: =Prep_Z!K8 | E8: =Prep_Z!L8 | F8: =Prep_Z!M8 | G8: =Prep_Z!N8 | H8: =Prep_Z!O8 | I8: =Prep_Z!P8 | J8: =Prep_Z!Q8 | K8: =SUMXMY2($D8:$J8,Init_Centroid!$B$2:$H$2) | L8: =SUMXMY2($D8:$J8,Init_Centroid!$B$3:$H$3) | M8: =SUMXMY2($D8:$J8,Init_Centroid!$B$4:$H$4) | N8: =SUMXMY2($D8:$J8,Init_Centroid!$B$5:$H$5) | O8: =MATCH(MIN($K8:$N8),$K8:$N8,0) | P8: =MIN($K8:$N8)
A9: =Prep_Z!A9 | B9: =Prep_Z!B9 | C9: =Prep_Z!C9 | D9: =Prep_Z!K9 | E9: =Prep_Z!L9 | F9: =Prep_Z!M9 | G9: =Prep_Z!N9 | H9: =Prep_Z!O9 | I9: =Prep_Z!P9 | J9: =Prep_Z!Q9 | K9: =SUMXMY2($D9:$J9,Init_Centroid!$B$2:$H$2) | L9: =SUMXMY2($D9:$J9,Init_Centroid!$B$3:$H$3) | M9: =SUMXMY2($D9:$J9,Init_Centroid!$B$4:$H$4) | N9: =SUMXMY2($D9:$J9,Init_Centroid!$B$5:$H$5) | O9: =MATCH(MIN($K9:$N9),$K9:$N9,0) | P9: =MIN($K9:$N9)
A10: =Prep_Z!A10 | B10: =Prep_Z!B10 | C10: =Prep_Z!C10 | D10: =Prep_Z!K10 | E10: =Prep_Z!L10 | F10: =Prep_Z!M10 | G10: =Prep_Z!N10 | H10: =Prep_Z!O10 | I10: =Prep_Z!P10 | J10: =Prep_Z!Q10 | K10: =SUMXMY2($D10:$J10,Init_Centroid!$B$2:$H$2) | L10: =SUMXMY2($D10:$J10,Init_Centroid!$B$3:$H$3) | M10: =SUMXMY2($D10:$J10,Init_Centroid!$B$4:$H$4) | N10: =SUMXMY2($D10:$J10,Init_Centroid!$B$5:$H$5) | O10: =MATCH(MIN($K10:$N10),$K10:$N10,0) | P10: =MIN($K10:$N10)
A11: =Prep_Z!A11 | B11: =Prep_Z!B11 | C11: =Prep_Z!C11 | D11: =Prep_Z!K11 | E11: =Prep_Z!L11 | F11: =Prep_Z!M11 | G11: =Prep_Z!N11 | H11: =Prep_Z!O11 | I11: =Prep_Z!P11 | J11: =Prep_Z!Q11 | K11: =SUMXMY2($D11:$J11,Init_Centroid!$B$2:$H$2) | L11: =SUMXMY2($D11:$J11,Init_Centroid!$B$3:$H$3) | M11: =SUMXMY2($D11:$J11,Init_Centroid!$B$4:$H$4) | N11: =SUMXMY2($D11:$J11,Init_Centroid!$B$5:$H$5) | O11: =MATCH(MIN($K11:$N11),$K11:$N11,0) | P11: =MIN($K11:$N11)
A12: =Prep_Z!A12 | B12: =Prep_Z!B12 | C12: =Prep_Z!C12 | D12: =Prep_Z!K12 | E12: =Prep_Z!L12 | F12: =Prep_Z!M12 | G12: =Prep_Z!N12 | H12: =Prep_Z!O12 | I12: =Prep_Z!P12 | J12: =Prep_Z!Q12 | K12: =SUMXMY2($D12:$J12,Init_Centroid!$B$2:$H$2) | L12: =SUMXMY2($D12:$J12,Init_Centroid!$B$3:$H$3) | M12: =SUMXMY2($D12:$J12,Init_Centroid!$B$4:$H$4) | N12: =SUMXMY2($D12:$J12,Init_Centroid!$B$5:$H$5) | O12: =MATCH(MIN($K12:$N12),$K12:$N12,0) | P12: =MIN($K12:$N12)
A13: =Prep_Z!A13 | B13: =Prep_Z!B13 | C13: =Prep_Z!C13 | D13: =Prep_Z!K13 | E13: =Prep_Z!L13 | F13: =Prep_Z!M13 | G13: =Prep_Z!N13 | H13: =Prep_Z!O13 | I13: =Prep_Z!P13 | J13: =Prep_Z!Q13 | K13: =SUMXMY2($D13:$J13,Init_Centroid!$B$2:$H$2) | L13: =SUMXMY2($D13:$J13,Init_Centroid!$B$3:$H$3) | M13: =SUMXMY2($D13:$J13,Init_Centroid!$B$4:$H$4) | N13: =SUMXMY2($D13:$J13,Init_Centroid!$B$5:$H$5) | O13: =MATCH(MIN($K13:$N13),$K13:$N13,0) | P13: =MIN($K13:$N13)
... A16: =Prep_Z!A16 | B16: =Prep_Z!B16 | C16: =Prep_Z!C16 | D16: =Prep_Z!K16 | E16: =Prep_Z!L16 | F16: =Prep_Z!M16 | G16: =Prep_Z!N16 | H16: =Prep_Z!O16 | I16: =Prep_Z!P16 | J16: =Prep_Z!Q16 | K16: =SUMXMY2($D16:$J16,Init_Centroid!$B$2:$H$2) | L16: =SUMXMY2($D16:$J16,Init_Centroid!$B$3:$H$3) | M16: =SUMXMY2($D16:$J16,Init_Centroid!$B$4:$H$4) | N16: =SUMXMY2($D16:$J16,Init_Centroid!$B$5:$H$5) | O16: =MATCH(MIN($K16:$N16),$K16:$N16,0) | P16: =MIN($K16:$N16)

Sheet Centroid_1
A1: cluster | B1: z_pmdn | C1: z_fdi | D1: z_pdrb | E1: z_ipm | F1: z_kemiskinan | G1: z_akses_listrik | H1: z_tpt
A2: 1 | B2: =IFERROR(AVERAGEIFS(Iter_1!$D$2:$D$16,Iter_1!$O$2:$O$16,$A2),0) | C2: =IFERROR(AVERAGEIFS(Iter_1!$E$2:$E$16,Iter_1!$O$2:$O$16,$A2),0) | D2: =IFERROR(AVERAGEIFS(Iter_1!$F$2:$F$16,Iter_1!$O$2:$O$16,$A2),0) | E2: =IFERROR(AVERAGEIFS(Iter_1!$G$2:$G$16,Iter_1!$O$2:$O$16,$A2),0) | F2: =IFERROR(AVERAGEIFS(Iter_1!$H$2:$H$16,Iter_1!$O$2:$O$16,$A2),0) | G2: =IFERROR(AVERAGEIFS(Iter_1!$I$2:$I$16,Iter_1!$O$2:$O$16,$A2),0) | H2: =IFERROR(AVERAGEIFS(Iter_1!$J$2:$J$16,Iter_1!$O$2:$O$16,$A2),0)
A3: 2 | B3: =IFERROR(AVERAGEIFS(Iter_1!$D$2:$D$16,Iter_1!$O$2:$O$16,$A3),0) | C3: =IFERROR(AVERAGEIFS(Iter_1!$E$2:$E$16,Iter_1!$O$2:$O$16,$A3),0) | D3: =IFERROR(AVERAGEIFS(Iter_1!$F$2:$F$16,Iter_1!$O$2:$O$16,$A3),0) | E3: =IFERROR(AVERAGEIFS(Iter_1!$G$2:$G$16,Iter_1!$O$2:$O$16,$A3),0) | F3: =IFERROR(AVERAGEIFS(Iter_1!$H$2:$H$16,Iter_1!$O$2:$O$16,$A3),0) | G3: =IFERROR(AVERAGEIFS(Iter_1!$I$2:$I$16,Iter_1!$O$2:$O$16,$A3),0) | H3: =IFERROR(AVERAGEIFS(Iter_1!$J$2:$J$16,Iter_1!$O$2:$O$16,$A3),0)
A4: 3 | B4: =IFERROR(AVERAGEIFS(Iter_1!$D$2:$D$16,Iter_1!$O$2:$O$16,$A4),0) | C4: =IFERROR(AVERAGEIFS(Iter_1!$E$2:$E$16,Iter_1!$O$2:$O$16,$A4),0) | D4: =IFERROR(AVERAGEIFS(Iter_1!$F$2:$F$16,Iter_1!$O$2:$O$16,$A4),0) | E4: =IFERROR(AVERAGEIFS(Iter_1!$G$2:$G$16,Iter_1!$O$2:$O$16,$A4),0) | F4: =IFERROR(AVERAGEIFS(Iter_1!$H$2:$H$16,Iter_1!$O$2:$O$16,$A4),0) | G4: =IFERROR(AVERAGEIFS(Iter_1!$I$2:$I$16,Iter_1!$O$2:$O$16,$A4),0) | H4: =IFERROR(AVERAGEIFS(Iter_1!$J$2:$J$16,Iter_1!$O$2:$O$16,$A4),0)
A5: 4 | B5: =IFERROR(AVERAGEIFS(Iter_1!$D$2:$D$16,Iter_1!$O$2:$O$16,$A5),0) | C5: =IFERROR(AVERAGEIFS(Iter_1!$E$2:$E$16,Iter_1!$O$2:$O$16,$A5),0) | D5: =IFERROR(AVERAGEIFS(Iter_1!$F$2:$F$16,Iter_1!$O$2:$O$16,$A5),0) | E5: =IFERROR(AVERAGEIFS(Iter_1!$G$2:$G$16,Iter_1!$O$2:$O$16,$A5),0) | F5: =IFERROR(AVERAGEIFS(Iter_1!$H$2:$H$16,Iter_1!$O$2:$O$16,$A5),0) | G5: =IFERROR(AVERAGEIFS(Iter_1!$I$2:$I$16,Iter_1!$O$2:$O$16,$A5),0) | H5: =IFERROR(AVERAGEIFS(Iter_1!$J$2:$J$16,Iter_1!$O$2:$O$16,$A5),0)

Sheet Iter_2
A1: no | B1: provinsi | C1: year | D1: z_pmdn | E1: z_fdi | F1: z_pdrb | G1: z_ipm | H1: z_kemiskinan | I1: z_akses_listrik | J1: z_tpt | K1: dist_c1 | L1: dist_c2 | M1: dist_c3 | N1: dist_c4 | O1: cluster | P1: min_dist
A2: =Prep_Z!A2 | B2: =Prep_Z!B2 | C2: =Prep_Z!C2 | D2: =Prep_Z!K2 | E2: =Prep_Z!L2 | F2: =Prep_Z!M2 | G2: =Prep_Z!N2 | H2: =Prep_Z!O2 | I2: =Prep_Z!P2 | J2: =Prep_Z!Q2 | K2: =SUMXMY2($D2:$J2,Centroid_1!$B$2:$H$2) | L2: =SUMXMY2($D2:$J2,Centroid_1!$B$3:$H$3) | M2: =SUMXMY2($D2:$J2,Centroid_1!$B$4:$H$4) | N2: =SUMXMY2($D2:$J2,Centroid_1!$B$5:$H$5) | O2: =MATCH(MIN($K2:$N2),$K2:$N2,0) | P2: =MIN($K2:$N2)
A3: =Prep_Z!A3 | B3: =Prep_Z!B3 | C3: =Prep_Z!C3 | D3: =Prep_Z!K3 | E3: =Prep_Z!L3 | F3: =Prep_Z!M3 | G3: =Prep_Z!N3 | H3: =Prep_Z!O3 | I3: =Prep_Z!P3 | J3: =Prep_Z!Q3 | K3: =SUMXMY2($D3:$J3,Centroid_1!$B$2:$H$2) | L3: =SUMXMY2($D3:$J3,Centroid_1!$B$3:$H$3) | M3: =SUMXMY2($D3:$J3,Centroid_1!$B$4:$H$4) | N3: =SUMXMY2($D3:$J3,Centroid_1!$B$5:$H$5) | O3: =MATCH(MIN($K3:$N3),$K3:$N3,0) | P3: =MIN($K3:$N3)
A4: =Prep_Z!A4 | B4: =Prep_Z!B4 | C4: =Prep_Z!C4 | D4: =Prep_Z!K4 | E4: =Prep_Z!L4 | F4: =Prep_Z!M4 | G4: =Prep_Z!N4 | H4: =Prep_Z!O4 | I4: =Prep_Z!P4 | J4: =Prep_Z!Q4 | K4: =SUMXMY2($D4:$J4,Centroid_1!$B$2:$H$2) | L4: =SUMXMY2($D4:$J4,Centroid_1!$B$3:$H$3) | M4: =SUMXMY2($D4:$J4,Centroid_1!$B$4:$H$4) | N4: =SUMXMY2($D4:$J4,Centroid_1!$B$5:$H$5) | O4: =MATCH(MIN($K4:$N4),$K4:$N4,0) | P4: =MIN($K4:$N4)
A5: =Prep_Z!A5 | B5: =Prep_Z!B5 | C5: =Prep_Z!C5 | D5: =Prep_Z!K5 | E5: =Prep_Z!L5 | F5: =Prep_Z!M5 | G5: =Prep_Z!N5 | H5: =Prep_Z!O5 | I5: =Prep_Z!P5 | J5: =Prep_Z!Q5 | K5: =SUMXMY2($D5:$J5,Centroid_1!$B$2:$H$2) | L5: =SUMXMY2($D5:$J5,Centroid_1!$B$3:$H$3) | M5: =SUMXMY2($D5:$J5,Centroid_1!$B$4:$H$4) | N5: =SUMXMY2($D5:$J5,Centroid_1!$B$5:$H$5) | O5: =MATCH(MIN($K5:$N5),$K5:$N5,0) | P5: =MIN($K5:$N5)
A6: =Prep_Z!A6 | B6: =Prep_Z!B6 | C6: =Prep_Z!C6 | D6: =Prep_Z!K6 | E6: =Prep_Z!L6 | F6: =Prep_Z!M6 | G6: =Prep_Z!N6 | H6: =Prep_Z!O6 | I6: =Prep_Z!P6 | J6: =Prep_Z!Q6 | K6: =SUMXMY2($D6:$J6,Centroid_1!$B$2:$H$2) | L6: =SUMXMY2($D6:$J6,Centroid_1!$B$3:$H$3) | M6: =SUMXMY2($D6:$J6,Centroid_1!$B$4:$H$4) | N6: =SUMXMY2($D6:$J6,Centroid_1!$B$5:$H$5) | O6: =MATCH(MIN($K6:$N6),$K6:$N6,0) | P6: =MIN($K6:$N6)
A7: =Prep_Z!A7 | B7: =Prep_Z!B7 | C7: =Prep_Z!C7 | D7: =Prep_Z!K7 | E7: =Prep_Z!L7 | F7: =Prep_Z!M7 | G7: =Prep_Z!N7 | H7: =Prep_Z!O7 | I7: =Prep_Z!P7 | J7: =Prep_Z!Q7 | K7: =SUMXMY2($D7:$J7,Centroid_1!$B$2:$H$2) | L7: =SUMXMY2($D7:$J7,Centroid_1!$B$3:$H$3) | M7: =SUMXMY2($D7:$J7,Centroid_1!$B$4:$H$4) | N7: =SUMXMY2($D7:$J7,Centroid_1!$B$5:$H$5) | O7: =MATCH(MIN($K7:$N7),$K7:$N7,0) | P7: =MIN($K7:$N7)
A8: =Prep_Z!A8 | B8: =Prep_Z!B8 | C8: =Prep_Z!C8 | D8: =Prep_Z!K8 | E8: =Prep_Z!L8 | F8: =Prep_Z!M8 | G8: =Prep_Z!N8 | H8: =Prep_Z!O8 | I8: =Prep_Z!P8 | J8: =Prep_Z!Q8 | K8: =SUMXMY2($D8:$J8,Centroid_1!$B$2:$H$2) | L8: =SUMXMY2($D8:$J8,Centroid_1!$B$3:$H$3) | M8: =SUMXMY2($D8:$J8,Centroid_1!$B$4:$H$4) | N8: =SUMXMY2($D8:$J8,Centroid_1!$B$5:$H$5) | O8: =MATCH(MIN($K8:$N8),$K8:$N8,0) | P8: =MIN($K8:$N8)
A9: =Prep_Z!A9 | B9: =Prep_Z!B9 | C9: =Prep_Z!C9 | D9: =Prep_Z!K9 | E9: =Prep_Z!L9 | F9: =Prep_Z!M9 | G9: =Prep_Z!N9 | H9: =Prep_Z!O9 | I9: =Prep_Z!P9 | J9: =Prep_Z!Q9 | K9: =SUMXMY2($D9:$J9,Centroid_1!$B$2:$H$2) | L9: =SUMXMY2($D9:$J9,Centroid_1!$B$3:$H$3) | M9: =SUMXMY2($D9:$J9,Centroid_1!$B$4:$H$4) | N9: =SUMXMY2($D9:$J9,Centroid_1!$B$5:$H$5) | O9: =MATCH(MIN($K9:$N9),$K9:$N9,0) | P9: =MIN($K9:$N9)
A10: =Prep_Z!A10 | B10: =Prep_Z!B10 | C10: =Prep_Z!C10 | D10: =Prep_Z!K10 | E10: =Prep_Z!L10 | F10: =Prep_Z!M10 | G10: =Prep_Z!N10 | H10: =Prep_Z!O10 | I10: =Prep_Z!P10 | J10: =Prep_Z!Q10 | K10: =SUMXMY2($D10:$J10,Centroid_1!$B$2:$H$2) | L10: =SUMXMY2($D10:$J10,Centroid_1!$B$3:$H$3) | M10: =SUMXMY2($D10:$J10,Centroid_1!$B$4:$H$4) | N10: =SUMXMY2($D10:$J10,Centroid_1!$B$5:$H$5) | O10: =MATCH(MIN($K10:$N10),$K10:$N10,0) | P10: =MIN($K10:$N10)
A11: =Prep_Z!A11 | B11: =Prep_Z!B11 | C11: =Prep_Z!C11 | D11: =Prep_Z!K11 | E11: =Prep_Z!L11 | F11: =Prep_Z!M11 | G11: =Prep_Z!N11 | H11: =Prep_Z!O11 | I11: =Prep_Z!P11 | J11: =Prep_Z!Q11 | K11: =SUMXMY2($D11:$J11,Centroid_1!$B$2:$H$2) | L11: =SUMXMY2($D11:$J11,Centroid_1!$B$3:$H$3) | M11: =SUMXMY2($D11:$J11,Centroid_1!$B$4:$H$4) | N11: =SUMXMY2($D11:$J11,Centroid_1!$B$5:$H$5) | O11: =MATCH(MIN($K11:$N11),$K11:$N11,0) | P11: =MIN($K11:$N11)
A12: =Prep_Z!A12 | B12: =Prep_Z!B12 | C12: =Prep_Z!C12 | D12: =Prep_Z!K12 | E12: =Prep_Z!L12 | F12: =Prep_Z!M12 | G12: =Prep_Z!N12 | H12: =Prep_Z!O12 | I12: =Prep_Z!P12 | J12: =Prep_Z!Q12 | K12: =SUMXMY2($D12:$J12,Centroid_1!$B$2:$H$2) | L12: =SUMXMY2($D12:$J12,Centroid_1!$B$3:$H$3) | M12: =SUMXMY2($D12:$J12,Centroid_1!$B$4:$H$4) | N12: =SUMXMY2($D12:$J12,Centroid_1!$B$5:$H$5) | O12: =MATCH(MIN($K12:$N12),$K12:$N12,0) | P12: =MIN($K12:$N12)
A13: =Prep_Z!A13 | B13: =Prep_Z!B13 | C13: =Prep_Z!C13 | D13: =Prep_Z!K13 | E13: =Prep_Z!L13 | F13: =Prep_Z!M13 | G13: =Prep_Z!N13 | H13: =Prep_Z!O13 | I13: =Prep_Z!P13 | J13: =Prep_Z!Q13 | K13: =SUMXMY2($D13:$J13,Centroid_1!$B$2:$H$2) | L13: =SUMXMY2($D13:$J13,Centroid_1!$B$3:$H$3) | M13: =SUMXMY2($D13:$J13,Centroid_1!$B$4:$H$4) | N13: =SUMXMY2($D13:$J13,Centroid_1!$B$5:$H$5) | O13: =MATCH(MIN($K13:$N13),$K13:$N13,0) | P13: =MIN($K13:$N13)
... A16: =Prep_Z!A16 | B16: =Prep_Z!B16 | C16: =Prep_Z!C16 | D16: =Prep_Z!K16 | E16: =Prep_Z!L16 | F16: =Prep_Z!M16 | G16: =Prep_Z!N16 | H16: =Prep_Z!O16 | I16: =Prep_Z!P16 | J16: =Prep_Z!Q16 | K16: =SUMXMY2($D16:$J16,Centroid_1!$B$2:$H$2) | L16: =SUMXMY2($D16:$J16,Centroid_1!$B$3:$H$3) | M16: =SUMXMY2($D16:$J16,Centroid_1!$B$4:$H$4) | N16: =SUMXMY2($D16:$J16,Centroid_1!$B$5:$H$5) | O16: =MATCH(MIN($K16:$N16),$K16:$N16,0) | P16: =MIN($K16:$N16)

Sheet Centroid_2
A1: cluster | B1: z_pmdn | C1: z_fdi | D1: z_pdrb | E1: z_ipm | F1: z_kemiskinan | G1: z_akses_listrik | H1: z_tpt
A2: 1 | B2: =IFERROR(AVERAGEIFS(Iter_2!$D$2:$D$16,Iter_2!$O$2:$O$16,$A2),0) | C2: =IFERROR(AVERAGEIFS(Iter_2!$E$2:$E$16,Iter_2!$O$2:$O$16,$A2),0) | D2: =IFERROR(AVERAGEIFS(Iter_2!$F$2:$F$16,Iter_2!$O$2:$O$16,$A2),0) | E2: =IFERROR(AVERAGEIFS(Iter_2!$G$2:$G$16,Iter_2!$O$2:$O$16,$A2),0) | F2: =IFERROR(AVERAGEIFS(Iter_2!$H$2:$H$16,Iter_2!$O$2:$O$16,$A2),0) | G2: =IFERROR(AVERAGEIFS(Iter_2!$I$2:$I$16,Iter_2!$O$2:$O$16,$A2),0) | H2: =IFERROR(AVERAGEIFS(Iter_2!$J$2:$J$16,Iter_2!$O$2:$O$16,$A2),0)
A3: 2 | B3: =IFERROR(AVERAGEIFS(Iter_2!$D$2:$D$16,Iter_2!$O$2:$O$16,$A3),0) | C3: =IFERROR(AVERAGEIFS(Iter_2!$E$2:$E$16,Iter_2!$O$2:$O$16,$A3),0) | D3: =IFERROR(AVERAGEIFS(Iter_2!$F$2:$F$16,Iter_2!$O$2:$O$16,$A3),0) | E3: =IFERROR(AVERAGEIFS(Iter_2!$G$2:$G$16,Iter_2!$O$2:$O$16,$A3),0) | F3: =IFERROR(AVERAGEIFS(Iter_2!$H$2:$H$16,Iter_2!$O$2:$O$16,$A3),0) | G3: =IFERROR(AVERAGEIFS(Iter_2!$I$2:$I$16,Iter_2!$O$2:$O$16,$A3),0) | H3: =IFERROR(AVERAGEIFS(Iter_2!$J$2:$J$16,Iter_2!$O$2:$O$16,$A3),0)
A4: 3 | B4: =IFERROR(AVERAGEIFS(Iter_2!$D$2:$D$16,Iter_2!$O$2:$O$16,$A4),0) | C4: =IFERROR(AVERAGEIFS(Iter_2!$E$2:$E$16,Iter_2!$O$2:$O$16,$A4),0) | D4: =IFERROR(AVERAGEIFS(Iter_2!$F$2:$F$16,Iter_2!$O$2:$O$16,$A4),0) | E4: =IFERROR(AVERAGEIFS(Iter_2!$G$2:$G$16,Iter_2!$O$2:$O$16,$A4),0) | F4: =IFERROR(AVERAGEIFS(Iter_2!$H$2:$H$16,Iter_2!$O$2:$O$16,$A4),0) | G4: =IFERROR(AVERAGEIFS(Iter_2!$I$2:$I$16,Iter_2!$O$2:$O$16,$A4),0) | H4: =IFERROR(AVERAGEIFS(Iter_2!$J$2:$J$16,Iter_2!$O$2:$O$16,$A4),0)
A5: 4 | B5: =IFERROR(AVERAGEIFS(Iter_2!$D$2:$D$16,Iter_2!$O$2:$O$16,$A5),0) | C5: =IFERROR(AVERAGEIFS(Iter_2!$E$2:$E$16,Iter_2!$O$2:$O$16,$A5),0) | D5: =IFERROR(AVERAGEIFS(Iter_2!$F$2:$F$16,Iter_2!$O$2:$O$16,$A5),0) | E5: =IFERROR(AVERAGEIFS(Iter_2!$G$2:$G$16,Iter_2!$O$2:$O$16,$A5),0) | F5: =IFERROR(AVERAGEIFS(Iter_2!$H$2:$H$16,Iter_2!$O$2:$O$16,$A5),0) | G5: =IFERROR(AVERAGEIFS(Iter_2!$I$2:$I$16,Iter_2!$O$2:$O$16,$A5),0) | H5: =IFERROR(AVERAGEIFS(Iter_2!$J$2:$J$16,Iter_2!$O$2:$O$16,$A5),0)

Sheet Metrics
A1: Metrik | B1: Nilai
A2: Jumlah observasi | B2: =COUNTA(Iter_2!$A$2:$A$16)
A3: Perubahan assignment (Iter1->Iter2) | B3: =SUMPRODUCT(--(Iter_1!$O$2:$O$16<>Iter_2!$O$2:$O$16))
A4: Konvergen? | B4: =IF(B3=0,"YA","TIDAK - lanjut iterasi")
A5: Inertia Iter_1 | B5: =SUM(Iter_1!$P$2:$P$16)
A6: Inertia Iter_2 | B6: =SUM(Iter_2!$P$2:$P$16)
A8: Count anggota per cluster (Iter_2)
B9: Cluster 1 | C9: Cluster 2 | D9: Cluster 3 | E9: Cluster 4
B10: =COUNTIFS(Iter_2!$O$2:$O$16,1) | C10: =COUNTIFS(Iter_2!$O$2:$O$16,2) | D10: =COUNTIFS(Iter_2!$O$2:$O$16,3) | E10: =COUNTIFS(Iter_2!$O$2:$O$16,4)
A12: Min cluster size | B12: =MIN(B10:E10)

Sheet Cluster_Summary
A1: cluster | B1: mean_pmdn_rp | C1: mean_fdi_rp | D1: mean_pdrb_per_kapita | E1: mean_ipm | F1: mean_kemiskinan | G1: mean_akses_listrik | H1: mean_tpt | I1: count
A2: 1 | B2: =IFERROR(AVERAGEIFS(Raw_Data!$D$2:$D$16,Iter_2!$O$2:$O$16,$A2),0) | C2: =IFERROR(AVERAGEIFS(Raw_Data!$E$2:$E$16,Iter_2!$O$2:$O$16,$A2),0) | D2: =IFERROR(AVERAGEIFS(Raw_Data!$F$2:$F$16,Iter_2!$O$2:$O$16,$A2),0) | E2: =IFERROR(AVERAGEIFS(Raw_Data!$G$2:$G$16,Iter_2!$O$2:$O$16,$A2),0) | F2: =IFERROR(AVERAGEIFS(Raw_Data!$H$2:$H$16,Iter_2!$O$2:$O$16,$A2),0) | G2: =IFERROR(AVERAGEIFS(Raw_Data!$I$2:$I$16,Iter_2!$O$2:$O$16,$A2),0) | H2: =IFERROR(AVERAGEIFS(Raw_Data!$J$2:$J$16,Iter_2!$O$2:$O$16,$A2),0) | I2: =COUNTIFS(Iter_2!$O$2:$O$16,$A2)
A3: 2 | B3: =IFERROR(AVERAGEIFS(Raw_Data!$D$2:$D$16,Iter_2!$O$2:$O$16,$A3),0) | C3: =IFERROR(AVERAGEIFS(Raw_Data!$E$2:$E$16,Iter_2!$O$2:$O$16,$A3),0) | D3: =IFERROR(AVERAGEIFS(Raw_Data!$F$2:$F$16,Iter_2!$O$2:$O$16,$A3),0) | E3: =IFERROR(AVERAGEIFS(Raw_Data!$G$2:$G$16,Iter_2!$O$2:$O$16,$A3),0) | F3: =IFERROR(AVERAGEIFS(Raw_Data!$H$2:$H$16,Iter_2!$O$2:$O$16,$A3),0) | G3: =IFERROR(AVERAGEIFS(Raw_Data!$I$2:$I$16,Iter_2!$O$2:$O$16,$A3),0) | H3: =IFERROR(AVERAGEIFS(Raw_Data!$J$2:$J$16,Iter_2!$O$2:$O$16,$A3),0) | I3: =COUNTIFS(Iter_2!$O$2:$O$16,$A3)
A4: 3 | B4: =IFERROR(AVERAGEIFS(Raw_Data!$D$2:$D$16,Iter_2!$O$2:$O$16,$A4),0) | C4: =IFERROR(AVERAGEIFS(Raw_Data!$E$2:$E$16,Iter_2!$O$2:$O$16,$A4),0) | D4: =IFERROR(AVERAGEIFS(Raw_Data!$F$2:$F$16,Iter_2!$O$2:$O$16,$A4),0) | E4: =IFERROR(AVERAGEIFS(Raw_Data!$G$2:$G$16,Iter_2!$O$2:$O$16,$A4),0) | F4: =IFERROR(AVERAGEIFS(Raw_Data!$H$2:$H$16,Iter_2!$O$2:$O$16,$A4),0) | G4: =IFERROR(AVERAGEIFS(Raw_Data!$I$2:$I$16,Iter_2!$O$2:$O$16,$A4),0) | H4: =IFERROR(AVERAGEIFS(Raw_Data!$J$2:$J$16,Iter_2!$O$2:$O$16,$A4),0) | I4: =COUNTIFS(Iter_2!$O$2:$O$16,$A4)
A5: 4 | B5: =IFERROR(AVERAGEIFS(Raw_Data!$D$2:$D$16,Iter_2!$O$2:$O$16,$A5),0) | C5: =IFERROR(AVERAGEIFS(Raw_Data!$E$2:$E$16,Iter_2!$O$2:$O$16,$A5),0) | D5: =IFERROR(AVERAGEIFS(Raw_Data!$F$2:$F$16,Iter_2!$O$2:$O$16,$A5),0) | E5: =IFERROR(AVERAGEIFS(Raw_Data!$G$2:$G$16,Iter_2!$O$2:$O$16,$A5),0) | F5: =IFERROR(AVERAGEIFS(Raw_Data!$H$2:$H$16,Iter_2!$O$2:$O$16,$A5),0) | G5: =IFERROR(AVERAGEIFS(Raw_Data!$I$2:$I$16,Iter_2!$O$2:$O$16,$A5),0) | H5: =IFERROR(AVERAGEIFS(Raw_Data!$J$2:$J$16,Iter_2!$O$2:$O$16,$A5),0) | I5: =COUNTIFS(Iter_2!$O$2:$O$16,$A5)

Sheet Policy_Ratio
A1: Pilih Cluster (1-4): | B1: 1
A3: variabel | B3: inverse? | C3: cluster_mean | D3: national_mean | E3: ratio | F3: category | G3: condition | H3: catatan
A4: PMDN (Investasi Dalam Negeri) | B4: TIDAK | C4: =INDEX(Cluster_Summary!$B$2:$B$5,$B$1) | D4: =AVERAGE(Raw_Data!$D$2:$D$16) | E4: =IFERROR(C4/D4,0) | F4: =IF(E4>=1.5,"VERY_HIGH",IF(E4>=1.1,"HIGH",IF(E4>=0.9,"MEDIUM",IF(E4>=0.5,"LOW","VERY_LOW")))) | G4: =IF(B4="YA",IF(F4="VERY_HIGH","Sangat Buruk",IF(F4="HIGH","Buruk",IF(F4="MEDIUM","Rata-rata",IF(F4="LOW","Baik","Sangat Baik")))),IF(F4="VERY_HIGH","Sangat Tinggi",IF(F4="HIGH","Tinggi",IF(F4="MEDIUM","Rata-rata",IF(F4="LOW","Rendah","Sangat Rendah"))))) | H4: =IF(B4="YA","Rasio tinggi = kondisi lebih buruk","Rasio tinggi = kondisi lebih baik")
A5: PMA/FDI (Investasi Asing) | B5: TIDAK | C5: =INDEX(Cluster_Summary!$C$2:$C$5,$B$1) | D5: =AVERAGE(Raw_Data!$E$2:$E$16) | E5: =IFERROR(C5/D5,0) | F5: =IF(E5>=1.5,"VERY_HIGH",IF(E5>=1.1,"HIGH",IF(E5>=0.9,"MEDIUM",IF(E5>=0.5,"LOW","VERY_LOW")))) | G5: =IF(B5="YA",IF(F5="VERY_HIGH","Sangat Buruk",IF(F5="HIGH","Buruk",IF(F5="MEDIUM","Rata-rata",IF(F5="LOW","Baik","Sangat Baik")))),IF(F5="VERY_HIGH","Sangat Tinggi",IF(F5="HIGH","Tinggi",IF(F5="MEDIUM","Rata-rata",IF(F5="LOW","Rendah","Sangat Rendah"))))) | H5: =IF(B5="YA","Rasio tinggi = kondisi lebih buruk","Rasio tinggi = kondisi lebih baik")
A6: PDRB per Kapita | B6: TIDAK | C6: =INDEX(Cluster_Summary!$D$2:$D$5,$B$1) | D6: =AVERAGE(Raw_Data!$F$2:$F$16) | E6: =IFERROR(C6/D6,0) | F6: =IF(E6>=1.5,"VERY_HIGH",IF(E6>=1.1,"HIGH",IF(E6>=0.9,"MEDIUM",IF(E6>=0.5,"LOW","VERY_LOW")))) | G6: =IF(B6="YA",IF(F6="VERY_HIGH","Sangat Buruk",IF(F6="HIGH","Buruk",IF(F6="MEDIUM","Rata-rata",IF(F6="LOW","Baik","Sangat Baik")))),IF(F6="VERY_HIGH","Sangat Tinggi",IF(F6="HIGH","Tinggi",IF(F6="MEDIUM","Rata-rata",IF(F6="LOW","Rendah","Sangat Rendah"))))) | H6: =IF(B6="YA","Rasio tinggi = kondisi lebih buruk","Rasio tinggi = kondisi lebih baik")
A7: IPM | B7: TIDAK | C7: =INDEX(Cluster_Summary!$E$2:$E$5,$B$1) | D7: =AVERAGE(Raw_Data!$G$2:$G$16) | E7: =IFERROR(C7/D7,0) | F7: =IF(E7>=1.5,"VERY_HIGH",IF(E7>=1.1,"HIGH",IF(E7>=0.9,"MEDIUM",IF(E7>=0.5,"LOW","VERY_LOW")))) | G7: =IF(B7="YA",IF(F7="VERY_HIGH","Sangat Buruk",IF(F7="HIGH","Buruk",IF(F7="MEDIUM","Rata-rata",IF(F7="LOW","Baik","Sangat Baik")))),IF(F7="VERY_HIGH","Sangat Tinggi",IF(F7="HIGH","Tinggi",IF(F7="MEDIUM","Rata-rata",IF(F7="LOW","Rendah","Sangat Rendah"))))) | H7: =IF(B7="YA","Rasio tinggi = kondisi lebih buruk","Rasio tinggi = kondisi lebih baik")
A8: Kemiskinan | B8: YA | C8: =INDEX(Cluster_Summary!$F$2:$F$5,$B$1) | D8: =AVERAGE(Raw_Data!$H$2:$H$16) | E8: =IFERROR(C8/D8,0) | F8: =IF(E8>=1.5,"VERY_HIGH",IF(E8>=1.1,"HIGH",IF(E8>=0.9,"MEDIUM",IF(E8>=0.5,"LOW","VERY_LOW")))) | G8: =IF(B8="YA",IF(F8="VERY_HIGH","Sangat Buruk",IF(F8="HIGH","Buruk",IF(F8="MEDIUM","Rata-rata",IF(F8="LOW","Baik","Sangat Baik")))),IF(F8="VERY_HIGH","Sangat Tinggi",IF(F8="HIGH","Tinggi",IF(F8="MEDIUM","Rata-rata",IF(F8="LOW","Rendah","Sangat Rendah"))))) | H8: =IF(B8="YA","Rasio tinggi = kondisi lebih buruk","Rasio tinggi = kondisi lebih baik")
A9: Akses Listrik | B9: TIDAK | C9: =INDEX(Cluster_Summary!$G$2:$G$5,$B$1) | D9: =AVERAGE(Raw_Data!$I$2:$I$16) | E9: =IFERROR(C9/D9,0) | F9: =IF(E9>=1.5,"VERY_HIGH",IF(E9>=1.1,"HIGH",IF(E9>=0.9,"MEDIUM",IF(E9>=0.5,"LOW","VERY_LOW")))) | G9: =IF(B9="YA",IF(F9="VERY_HIGH","Sangat Buruk",IF(F9="HIGH","Buruk",IF(F9="MEDIUM","Rata-rata",IF(F9="LOW","Baik","Sangat Baik")))),IF(F9="VERY_HIGH","Sangat Tinggi",IF(F9="HIGH","Tinggi",IF(F9="MEDIUM","Rata-rata",IF(F9="LOW","Rendah","Sangat Rendah"))))) | H9: =IF(B9="YA","Rasio tinggi = kondisi lebih buruk","Rasio tinggi = kondisi lebih baik")
A10: TPT | B10: YA | C10: =INDEX(Cluster_Summary!$H$2:$H$5,$B$1) | D10: =AVERAGE(Raw_Data!$J$2:$J$16) | E10: =IFERROR(C10/D10,0) | F10: =IF(E10>=1.5,"VERY_HIGH",IF(E10>=1.1,"HIGH",IF(E10>=0.9,"MEDIUM",IF(E10>=0.5,"LOW","VERY_LOW")))) | G10: =IF(B10="YA",IF(F10="VERY_HIGH","Sangat Buruk",IF(F10="HIGH","Buruk",IF(F10="MEDIUM","Rata-rata",IF(F10="LOW","Baik","Sangat Baik")))),IF(F10="VERY_HIGH","Sangat Tinggi",IF(F10="HIGH","Tinggi",IF(F10="MEDIUM","Rata-rata",IF(F10="LOW","Rendah","Sangat Rendah"))))) | H10: =IF(B10="YA","Rasio tinggi = kondisi lebih buruk","Rasio tinggi = kondisi lebih baik")
A13: Threshold ratio: <0.50 VERY_LOW | 0.50-<0.90 LOW | 0.90-<1.10 MEDIUM | 1.10-<1.50 HIGH | >=1.50 VERY_HIGH

Sheet Policy_Rules
A1: Ringkas Rule Mapping (sesuai PolicyService)
A3: 1) Investasi rendah + IPM rendah + kemiskinan tinggi -> pembangunan dasar + pengentasan kemiskinan
A4: 2) Investasi tinggi + IPM tinggi + TPT tinggi -> penyelarasan pasar tenaga kerja
A5: 3) Investasi tinggi + IPM rendah -> pertumbuhan inklusif
A6: 4) Investasi rendah + infrastruktur rendah -> pengembangan infrastruktur & konektivitas
A7: 5) Investasi tinggi + kesejahteraan stabil -> akselerasi & keberlanjutan
A8: 6) Kondisi kritis (IPM sangat rendah, kemiskinan sangat tinggi, listrik rendah) -> intervensi darurat
A9: 7) Investasi rendah + kemiskinan tinggi -> stimulus investasi + perlindungan sosial
A10: 8) Investasi rendah + SDM cukup baik -> reformasi iklim investasi
A11: Fallback) Intervensi defisit terbesar dari rasio indikator
